id;description;sort_order;date_added;date_modified;status
1;میز;31264;2022-12-16;2022-12-17;DISABLED
2;سازی;82897;2022-12-17;2022-12-16;DISABLED
3;HTTP پس;90596;2022-12-16;2022-12-16;DISABLED
4;Berkshire تکنسین جهانی;13053;2022-12-17;2022-12-17;DISABLED
5;صابون سالاد جهانی;19780;2022-12-17;2022-12-17;RESTRICTED
6;هرمزگان;94420;2022-12-17;2022-12-17;AVAILABLE
7;متصدی array;15061;2022-12-17;2022-12-17;RESTRICTED
8;اعتباری موزیک;61498;2022-12-17;2022-12-17;RESTRICTED
9;Account پیشرفته کننده;23683;2022-12-16;2022-12-17;DISABLED
10;گرانیتی;66292;2022-12-17;2022-12-16;DISABLED
